country,iso3,n_years_default_panel,n_years_joint_panel,gdp_growth_missing,gdp_growth_share_missing,inflation_missing,inflation_share_missing,current_account_gdp_missing,current_account_gdp_share_missing,external_debt_gni_missing,external_debt_gni_share_missing,debt_service_exports_missing,debt_service_exports_share_missing,reserves_usd_missing,reserves_usd_share_missing,exchange_rate_missing,exchange_rate_share_missing,gdp_current_usd_missing,gdp_current_usd_share_missing,central_gov_debt_gdp_missing,central_gov_debt_gdp_share_missing,total_missing_macro_values,share_all_macro_cells_missing
Anguila,AIA,64,64,64,1.0,64,1.0,64,1.0,64,1.0,64,1.0,64,1.0,64,1.0,64,1.0,64,1.0,576,1.0
Cook Islands,COK,64,64,64,1.0,64,1.0,64,1.0,64,1.0,64,1.0,64,1.0,64,1.0,64,1.0,64,1.0,576,1.0
"Korea, Democratic People's Republic of (North)",PRK,64,64,64,1.0,64,1.0,64,1.0,64,1.0,64,1.0,64,1.0,64,1.0,64,1.0,64,1.0,576,1.0
Netherlands Antilles,ANT,64,64,64,1.0,64,1.0,64,1.0,64,1.0,64,1.0,64,1.0,64,1.0,64,1.0,64,1.0,576,1.0
Yugoslavia,YUG,64,64,64,1.0,64,1.0,64,1.0,64,1.0,64,1.0,64,1.0,64,1.0,64,1.0,64,1.0,576,1.0
South Sudan,SSD,64,64,57,0.890625,49,0.765625,54,0.84375,64,1.0,64,1.0,52,0.8125,51,0.796875,56,0.875,64,1.0,511,0.8871527777777778
Sint Maarten,SXM,64,64,50,0.78125,52,0.8125,51,0.796875,64,1.0,64,1.0,64,1.0,51,0.796875,49,0.765625,64,1.0,509,0.8836805555555556
Curaçao,CUW,64,64,41,0.640625,45,0.703125,51,0.796875,64,1.0,64,1.0,64,1.0,51,0.796875,40,0.625,64,1.0,484,0.8402777777777778
Cuba,CUB,64,64,11,0.171875,64,1.0,64,1.0,64,1.0,64,1.0,63,0.984375,49,0.765625,13,0.203125,64,1.0,456,0.7916666666666666
Turkmenistan,TKM,64,64,28,0.4375,64,1.0,64,1.0,33,0.515625,62,0.96875,57,0.890625,56,0.875,27,0.421875,64,1.0,455,0.7899305555555556
Tuvalu,TUV,64,64,11,0.171875,63,0.984375,42,0.65625,64,1.0,64,1.0,64,1.0,64,1.0,10,0.15625,64,1.0,446,0.7743055555555556
West Bank & Gaza,PSE,64,64,35,0.546875,37,0.578125,35,0.546875,64,1.0,64,1.0,46,0.71875,64,1.0,34,0.53125,64,1.0,443,0.7690972222222222
Kosovo,XKX,64,64,49,0.765625,43,0.671875,48,0.75,48,0.75,44,0.6875,40,0.625,42,0.65625,48,0.75,64,1.0,426,0.7395833333333334
Eritrea,ERI,64,64,45,0.703125,64,1.0,55,0.859375,46,0.71875,59,0.921875,39,0.609375,0,0.0,44,0.6875,64,1.0,416,0.7222222222222222
Montenegro,MNE,64,64,38,0.59375,46,0.71875,47,0.734375,46,0.71875,47,0.734375,47,0.734375,39,0.609375,37,0.578125,64,1.0,411,0.7135416666666666
Palau,PLW,64,64,11,0.171875,42,0.65625,45,0.703125,64,1.0,64,1.0,64,1.0,45,0.703125,10,0.15625,52,0.8125,397,0.6892361111111112
Uzbekistan,UZB,64,64,28,0.4375,51,0.796875,45,0.703125,32,0.5,45,0.703125,52,0.8125,47,0.734375,27,0.421875,64,1.0,391,0.6788194444444444
Latvia,LVA,64,64,31,0.484375,32,0.5,35,0.546875,64,1.0,64,1.0,33,0.515625,32,0.5,35,0.546875,63,0.984375,389,0.6753472222222222
Lithuania,LTU,64,64,31,0.484375,32,0.5,35,0.546875,64,1.0,64,1.0,32,0.5,32,0.5,35,0.546875,64,1.0,389,0.6753472222222222
Nauru,NRU,64,64,11,0.171875,62,0.96875,48,0.75,64,1.0,64,1.0,64,1.0,0,0.0,10,0.15625,64,1.0,387,0.671875
Puerto Rico,PRI,64,64,1,0.015625,64,1.0,64,1.0,64,1.0,64,1.0,64,1.0,0,0.0,0,0.0,64,1.0,385,0.6684027777777778
Serbia,SRB,64,64,36,0.5625,35,0.546875,47,0.734375,37,0.578125,47,0.734375,46,0.71875,37,0.578125,35,0.546875,64,1.0,384,0.6666666666666666
Slovak Republic,SVK,64,64,31,0.484375,32,0.5,33,0.515625,64,1.0,64,1.0,33,0.515625,33,0.515625,30,0.46875,64,1.0,384,0.6666666666666666
Czechoslovakia,CZE,64,64,31,0.484375,32,0.5,33,0.515625,64,1.0,64,1.0,33,0.515625,33,0.515625,30,0.46875,62,0.96875,382,0.6631944444444444
Croatia,HRV,64,64,31,0.484375,26,0.40625,33,0.515625,64,1.0,64,1.0,32,0.5,32,0.5,30,0.46875,64,1.0,376,0.6527777777777778
Marshall Islands,MHL,64,64,11,0.171875,64,1.0,45,0.703125,64,1.0,64,1.0,64,1.0,0,0.0,10,0.15625,52,0.8125,374,0.6493055555555556
Slovenia,SVN,64,64,31,0.484375,21,0.328125,32,0.5,64,1.0,64,1.0,31,0.484375,31,0.484375,30,0.46875,62,0.96875,366,0.6354166666666666
Afghanistan,AFG,64,64,41,0.640625,45,0.703125,51,0.796875,46,0.71875,51,0.796875,19,0.296875,3,0.046875,40,0.625,64,1.0,360,0.625
Yemen,YEM,64,64,36,0.5625,40,0.625,52,0.8125,35,0.546875,37,0.578125,31,0.484375,30,0.46875,35,0.546875,64,1.0,360,0.625
Aruba,ABW,64,64,27,0.421875,29,0.453125,26,0.40625,64,1.0,64,1.0,26,0.40625,26,0.40625,26,0.40625,64,1.0,352,0.6111111111111112
Tajikistan,TJK,64,64,26,0.40625,48,0.75,42,0.65625,32,0.5,42,0.65625,37,0.578125,32,0.5,30,0.46875,62,0.96875,351,0.609375
Bosnia & Herzegovina,BIH,64,64,31,0.484375,46,0.71875,38,0.59375,39,0.609375,39,0.609375,37,0.578125,37,0.578125,30,0.46875,52,0.8125,349,0.6059027777777778
Micronesia,FSM,64,64,11,0.171875,41,0.640625,58,0.90625,64,1.0,64,1.0,37,0.578125,0,0.0,10,0.15625,51,0.796875,336,0.5833333333333334
Namibia,NAM,64,64,21,0.328125,43,0.671875,30,0.46875,64,1.0,64,1.0,32,0.5,2,0.03125,20,0.3125,56,0.875,332,0.5763888888888888
North Macedonia,MKD,64,64,31,0.484375,34,0.53125,36,0.5625,33,0.515625,36,0.5625,33,0.515625,34,0.53125,30,0.46875,64,1.0,331,0.5746527777777778
Azerbaijan,AZE,64,64,31,0.484375,32,0.5,35,0.546875,33,0.515625,35,0.546875,33,0.515625,32,0.5,30,0.46875,61,0.953125,322,0.5590277777777778
Romania,ROU,64,64,31,0.484375,31,0.484375,27,0.421875,64,1.0,64,1.0,13,0.203125,0,0.0,27,0.421875,64,1.0,321,0.5572916666666666
Equatorial Guinea,GNQ,64,64,21,0.328125,26,0.40625,54,0.84375,64,1.0,64,1.0,22,0.34375,0,0.0,4,0.0625,64,1.0,319,0.5538194444444444
Armenia,ARM,64,64,31,0.484375,34,0.53125,33,0.515625,33,0.515625,33,0.515625,32,0.5,33,0.515625,30,0.46875,59,0.921875,318,0.5520833333333334
Kazakhstan,KAZ,64,64,31,0.484375,34,0.53125,35,0.546875,33,0.515625,35,0.546875,33,0.515625,34,0.53125,30,0.46875,50,0.78125,315,0.546875
Poland,POL,64,64,31,0.484375,11,0.171875,30,0.46875,64,1.0,64,1.0,22,0.34375,0,0.0,30,0.46875,63,0.984375,315,0.546875
Kyrgyz Republic,KGZ,64,64,27,0.421875,36,0.5625,34,0.53125,32,0.5,33,0.515625,33,0.515625,34,0.53125,30,0.46875,54,0.84375,313,0.5434027777777778
Vietnam,VNM,64,64,25,0.390625,36,0.5625,36,0.5625,29,0.453125,36,0.5625,35,0.546875,25,0.390625,25,0.390625,64,1.0,311,0.5399305555555556
Ukraine,UKR,64,64,28,0.4375,33,0.515625,34,0.53125,32,0.5,34,0.53125,32,0.5,33,0.515625,27,0.421875,49,0.765625,302,0.5243055555555556
Somalia,SOM,64,64,1,0.015625,64,1.0,64,1.0,10,0.15625,40,0.625,34,0.53125,25,0.390625,0,0.0,62,0.96875,300,0.5208333333333334
USSR/Russian Federation,RUS,64,64,30,0.46875,33,0.515625,34,0.53125,33,0.515625,34,0.53125,33,0.515625,35,0.546875,28,0.4375,40,0.625,300,0.5208333333333334
Belarus,BLR,64,64,31,0.484375,33,0.515625,33,0.515625,33,0.515625,33,0.515625,34,0.53125,34,0.53125,30,0.46875,38,0.59375,299,0.5190972222222222
Antigua and Barbuda,ATG,64,64,18,0.28125,39,0.609375,17,0.265625,64,1.0,64,1.0,15,0.234375,0,0.0,17,0.265625,64,1.0,298,0.5173611111111112
Moldova,MDA,64,64,31,0.484375,32,0.5,34,0.53125,32,0.5,34,0.53125,32,0.5,35,0.546875,30,0.46875,35,0.546875,295,0.5121527777777778
Djibouti,DJI,64,64,54,0.84375,33,0.515625,31,0.484375,31,0.484375,31,0.484375,24,0.375,0,0.0,26,0.40625,64,1.0,294,0.5104166666666666
Lebanon,LBN,64,64,29,0.453125,49,0.765625,42,0.65625,29,0.453125,42,0.65625,0,0.0,0,0.0,28,0.4375,61,0.953125,280,0.4861111111111111
Mozambique,MOZ,64,64,21,0.328125,45,0.703125,45,0.703125,31,0.484375,25,0.390625,24,0.375,0,0.0,31,0.484375,56,0.875,278,0.4826388888888889
Georgia,GEO,64,64,1,0.015625,35,0.546875,37,0.578125,32,0.5,37,0.578125,35,0.546875,36,0.5625,27,0.421875,35,0.546875,275,0.4774305555555556
Venezuela,VEN,64,64,1,0.015625,56,0.875,17,0.265625,64,1.0,64,1.0,6,0.09375,2,0.03125,0,0.0,64,1.0,274,0.4756944444444444
Mongolia,MNG,64,64,22,0.34375,33,0.515625,21,0.328125,32,0.5,32,0.5,32,0.5,31,0.484375,20,0.3125,50,0.78125,273,0.4739583333333333
Albania,ALB,64,64,21,0.328125,32,0.5,20,0.3125,31,0.484375,31,0.484375,33,0.515625,32,0.5,20,0.3125,47,0.734375,267,0.4635416666666667
Cambodia,KHM,64,64,16,0.25,35,0.546875,32,0.5,21,0.328125,32,0.5,33,0.515625,16,0.25,15,0.234375,61,0.953125,261,0.453125
St. Kitts & Nevis,KNA,64,64,18,0.28125,20,0.3125,20,0.3125,64,1.0,64,1.0,21,0.328125,0,0.0,0,0.0,51,0.796875,258,0.4479166666666667
Angola,AGO,64,64,21,0.328125,31,0.484375,25,0.390625,29,0.453125,29,0.453125,35,0.546875,0,0.0,20,0.3125,64,1.0,254,0.4409722222222222
Laos,LAO,64,64,25,0.390625,29,0.453125,24,0.375,24,0.375,24,0.375,28,0.4375,0,0.0,24,0.375,64,1.0,242,0.4201388888888889
Bulgaria,BGR,64,64,21,0.328125,26,0.40625,20,0.3125,22,0.34375,21,0.328125,31,0.484375,16,0.25,20,0.3125,64,1.0,241,0.4184027777777778
Comoros,COM,64,64,21,0.328125,41,0.640625,28,0.4375,20,0.3125,27,0.421875,20,0.3125,0,0.0,20,0.3125,64,1.0,241,0.4184027777777778
Ireland,IRL,64,64,1,0.015625,0,0.0,45,0.703125,64,1.0,64,1.0,0,0.0,0,0.0,0,0.0,64,1.0,238,0.4131944444444444
Guinea-Bissau,GNB,64,64,11,0.171875,28,0.4375,25,0.390625,10,0.15625,25,0.390625,64,1.0,0,0.0,10,0.15625,64,1.0,237,0.4114583333333333
Cyprus,CYP,64,64,16,0.25,0,0.0,16,0.25,64,1.0,64,1.0,0,0.0,0,0.0,15,0.234375,59,0.921875,234,0.40625
Hungary,HUN,64,64,1,0.015625,13,0.203125,22,0.34375,64,1.0,64,1.0,23,0.359375,8,0.125,8,0.125,31,0.484375,234,0.40625
Seychelles,SYC,64,64,1,0.015625,11,0.171875,16,0.25,64,1.0,64,1.0,13,0.203125,0,0.0,0,0.0,63,0.984375,232,0.4027777777777778
Iraq,IRQ,64,64,1,0.015625,12,0.1875,45,0.703125,55,0.859375,55,0.859375,0,0.0,1,0.015625,0,0.0,60,0.9375,229,0.3975694444444444
Guinea,GIN,64,64,11,0.171875,45,0.703125,26,0.40625,10,0.15625,26,0.40625,31,0.484375,3,0.046875,10,0.15625,64,1.0,226,0.3923611111111111
Syria,SYR,64,64,2,0.03125,4,0.0625,30,0.46875,48,0.75,61,0.953125,13,0.203125,1,0.015625,1,0.015625,64,1.0,224,0.3888888888888889
Suriname,SUR,64,64,1,0.015625,2,0.03125,45,0.703125,55,0.859375,55,0.859375,0,0.0,0,0.0,0,0.0,64,1.0,222,0.3854166666666667
São Tomé and Príncipe,STP,64,64,11,0.171875,37,0.578125,20,0.3125,17,0.265625,23,0.359375,35,0.546875,1,0.015625,10,0.15625,64,1.0,218,0.3784722222222222
Libya,LBY,64,64,1,0.015625,5,0.078125,17,0.265625,64,1.0,64,1.0,0,0.0,0,0.0,0,0.0,64,1.0,215,0.3732638888888889
Chile,CHL,64,64,1,0.015625,11,0.171875,15,0.234375,64,1.0,64,1.0,0,0.0,0,0.0,0,0.0,58,0.90625,213,0.3697916666666667
Mali,MLI,64,64,8,0.125,29,0.453125,15,0.234375,10,0.15625,15,0.234375,64,1.0,0,0.0,7,0.109375,64,1.0,212,0.3680555555555556
Bhutan,BTN,64,64,11,0.171875,21,0.328125,46,0.71875,21,0.328125,46,0.71875,23,0.359375,0,0.0,10,0.15625,33,0.515625,211,0.3663194444444444
Barbados,BRB,64,64,1,0.015625,10,0.15625,13,0.203125,64,1.0,64,1.0,6,0.09375,0,0.0,0,0.0,52,0.8125,210,0.3645833333333333
Greece,GRC,64,64,1,0.015625,0,0.0,17,0.265625,64,1.0,64,1.0,0,0.0,0,0.0,0,0.0,64,1.0,210,0.3645833333333333
Panama,PAN,64,64,1,0.015625,0,0.0,17,0.265625,64,1.0,64,1.0,0,0.0,0,0.0,0,0.0,64,1.0,210,0.3645833333333333
Cabo Verde,CPV,64,64,21,0.328125,24,0.375,20,0.3125,21,0.328125,21,0.328125,16,0.25,0,0.0,20,0.3125,64,1.0,207,0.359375
Portugal,PRT,64,64,1,0.015625,0,0.0,15,0.234375,64,1.0,64,1.0,0,0.0,0,0.0,0,0.0,62,0.96875,206,0.3576388888888889
Trinidad & Tobago,TTO,64,64,1,0.015625,0,0.0,15,0.234375,64,1.0,64,1.0,0,0.0,0,0.0,0,0.0,62,0.96875,206,0.3576388888888889
Zimbabwe,ZWE,64,64,1,0.015625,51,0.796875,31,0.484375,10,0.15625,31,0.484375,6,0.09375,11,0.171875,0,0.0,64,1.0,205,0.3559027777777778
Costa Rica,CRI,64,64,1,0.015625,0,0.0,17,0.265625,64,1.0,64,1.0,0,0.0,0,0.0,0,0.0,58,0.90625,204,0.3541666666666667
Côte d’Ivoire,CIV,64,64,1,0.015625,1,0.015625,45,0.703125,10,0.15625,20,0.3125,64,1.0,0,0.0,0,0.0,63,0.984375,204,0.3541666666666667
Tonga,TON,64,64,22,0.34375,16,0.25,21,0.328125,25,0.390625,32,0.5,17,0.265625,0,0.0,15,0.234375,56,0.875,204,0.3541666666666667
Liberia,LBR,64,64,1,0.015625,42,0.65625,35,0.546875,10,0.15625,35,0.546875,15,0.234375,0,0.0,0,0.0,64,1.0,202,0.3506944444444444
Benin,BEN,64,64,1,0.015625,33,0.515625,14,0.21875,10,0.15625,14,0.21875,64,1.0,0,0.0,0,0.0,64,1.0,200,0.3472222222222222
Vanuatu,VUT,64,64,20,0.3125,17,0.265625,23,0.359375,21,0.328125,22,0.34375,21,0.328125,0,0.0,19,0.296875,55,0.859375,198,0.34375
Burkina Faso,BFA,64,64,1,0.015625,0,0.0,45,0.703125,10,0.15625,19,0.296875,64,1.0,0,0.0,0,0.0,58,0.90625,197,0.3420138888888889
Bahamas,BHS,64,64,1,0.015625,7,0.109375,16,0.25,64,1.0,64,1.0,8,0.125,0,0.0,0,0.0,35,0.546875,195,0.3385416666666667
Central African Republic,CAF,64,64,1,0.015625,21,0.328125,46,0.71875,10,0.15625,41,0.640625,2,0.03125,0,0.0,0,0.0,64,1.0,185,0.3211805555555556
Iran,IRN,64,64,1,0.015625,0,0.0,39,0.609375,20,0.3125,20,0.3125,41,0.640625,0,0.0,0,0.0,64,1.0,185,0.3211805555555556
Uruguay,URY,64,64,1,0.015625,0,0.0,18,0.28125,64,1.0,64,1.0,0,0.0,0,0.0,0,0.0,36,0.5625,183,0.3177083333333333
Dominica,DMA,64,64,18,0.28125,9,0.140625,17,0.265625,21,0.328125,21,0.328125,15,0.234375,0,0.0,17,0.265625,64,1.0,182,0.3159722222222222
Malaysia,MYS,64,64,1,0.015625,0,0.0,14,0.21875,64,1.0,64,1.0,0,0.0,0,0.0,0,0.0,36,0.5625,179,0.3107638888888889
Chad,TCD,64,64,1,0.015625,24,0.375,46,0.71875,10,0.15625,32,0.5,0,0.0,0,0.0,0,0.0,64,1.0,177,0.3072916666666667
Grenada,GRD,64,64,18,0.28125,17,0.265625,17,0.265625,17,0.265625,17,0.265625,10,0.15625,0,0.0,17,0.265625,64,1.0,177,0.3072916666666667
Togo,TGO,64,64,1,0.015625,7,0.109375,17,0.265625,10,0.15625,14,0.21875,64,1.0,0,0.0,0,0.0,64,1.0,177,0.3072916666666667
Senegal,SEN,64,64,1,0.015625,8,0.125,14,0.21875,10,0.15625,14,0.21875,64,1.0,0,0.0,0,0.0,64,1.0,175,0.3038194444444444
China,CHN,64,64,1,0.015625,27,0.421875,22,0.34375,21,0.328125,22,0.34375,17,0.265625,0,0.0,0,0.0,64,1.0,174,0.3020833333333333
St. Lucia,LCA,64,64,18,0.28125,6,0.09375,20,0.3125,21,0.328125,21,0.328125,15,0.234375,0,0.0,20,0.3125,53,0.828125,174,0.3020833333333333
Niger,NER,64,64,1,0.015625,4,0.0625,14,0.21875,10,0.15625,14,0.21875,64,1.0,0,0.0,0,0.0,64,1.0,171,0.296875
Uganda,UGA,64,64,23,0.359375,34,0.53125,20,0.3125,10,0.15625,20,0.3125,6,0.09375,0,0.0,0,0.0,58,0.90625,171,0.296875
United Kingdom,GBR,64,64,1,0.015625,0,0.0,10,0.15625,64,1.0,64,1.0,0,0.0,0,0.0,0,0.0,30,0.46875,169,0.2934027777777778
Argentina,ARG,64,64,1,0.015625,58,0.90625,16,0.25,10,0.15625,16,0.25,0,0.0,3,0.046875,0,0.0,64,1.0,168,0.2916666666666667
Dem. Rep. of Congo (Kinshasa),COD,64,64,1,0.015625,11,0.171875,45,0.703125,10,0.15625,45,0.703125,0,0.0,0,0.0,0,0.0,55,0.859375,167,0.2899305555555556
Solomon Islands,SLB,64,64,21,0.328125,12,0.1875,15,0.234375,18,0.28125,18,0.28125,17,0.265625,0,0.0,8,0.125,53,0.828125,162,0.28125
Rwanda,RWA,64,64,1,0.015625,9,0.140625,50,0.78125,10,0.15625,26,0.40625,4,0.0625,0,0.0,0,0.0,61,0.953125,161,0.2795138888888889
Malawi,MWI,64,64,1,0.015625,21,0.328125,20,0.3125,20,0.3125,17,0.265625,8,0.125,0,0.0,20,0.3125,52,0.8125,159,0.2760416666666667
Maldives,MDV,64,64,11,0.171875,26,0.40625,18,0.28125,18,0.28125,18,0.28125,16,0.25,0,0.0,10,0.15625,42,0.65625,159,0.2760416666666667
Bangladesh,BGD,64,64,1,0.015625,27,0.421875,16,0.25,13,0.203125,16,0.25,12,0.1875,11,0.171875,0,0.0,61,0.953125,157,0.2725694444444444
Mauritania,MRT,64,64,2,0.03125,26,0.40625,28,0.4375,10,0.15625,21,0.328125,4,0.0625,1,0.015625,1,0.015625,64,1.0,157,0.2725694444444444
Guyana,GUY,64,64,1,0.015625,35,0.546875,23,0.359375,10,0.15625,23,0.359375,0,0.0,0,0.0,0,0.0,64,1.0,156,0.2708333333333333
Sierra Leone,SLE,64,64,1,0.015625,47,0.734375,17,0.265625,10,0.15625,17,0.265625,0,0.0,0,0.0,0,0.0,64,1.0,156,0.2708333333333333
Nicaragua,NIC,64,64,1,0.015625,40,0.625,17,0.265625,10,0.15625,17,0.265625,4,0.0625,0,0.0,0,0.0,64,1.0,153,0.265625
Nigeria,NGA,64,64,1,0.015625,0,0.0,17,0.265625,48,0.75,17,0.265625,0,0.0,0,0.0,0,0.0,64,1.0,147,0.2552083333333333
Algeria,DZA,64,64,1,0.015625,10,0.15625,30,0.46875,10,0.15625,30,0.46875,0,0.0,0,0.0,0,0.0,64,1.0,145,0.2517361111111111
Rep. Of Congo (Brazzaville),COG,64,64,1,0.015625,28,0.4375,22,0.34375,10,0.15625,20,0.3125,0,0.0,0,0.0,0,0.0,62,0.96875,143,0.2482638888888889
Samoa,WSM,64,64,11,0.171875,2,0.03125,21,0.328125,10,0.15625,21,0.328125,4,0.0625,0,0.0,10,0.15625,64,1.0,143,0.2482638888888889
Belize,BLZ,64,64,1,0.015625,21,0.328125,24,0.375,10,0.15625,24,0.375,16,0.25,0,0.0,0,0.0,44,0.6875,140,0.24305555555555555
eSwatini (Swaziland),SWZ,64,64,11,0.171875,10,0.15625,14,0.21875,25,0.390625,14,0.21875,14,0.21875,0,0.0,0,0.0,52,0.8125,140,0.24305555555555555
The Gambia,GMB,64,64,7,0.109375,2,0.03125,23,0.359375,10,0.15625,23,0.359375,4,0.0625,0,0.0,6,0.09375,64,1.0,139,0.24131944444444445
Burundi,BDI,64,64,1,0.015625,6,0.09375,25,0.390625,10,0.15625,25,0.390625,4,0.0625,0,0.0,0,0.0,64,1.0,135,0.234375
Zambia,ZMB,64,64,1,0.015625,26,0.40625,23,0.359375,10,0.15625,23,0.359375,6,0.09375,0,0.0,0,0.0,43,0.671875,132,0.22916666666666666
Lesotho,LSO,64,64,1,0.015625,17,0.265625,16,0.25,10,0.15625,15,0.234375,20,0.3125,0,0.0,0,0.0,51,0.796875,130,0.22569444444444445
Gabon,GAB,64,64,1,0.015625,3,0.046875,27,0.421875,10,0.15625,21,0.328125,0,0.0,0,0.0,0,0.0,64,1.0,126,0.21875
Fiji,FJI,64,64,1,0.015625,10,0.15625,19,0.296875,10,0.15625,19,0.296875,5,0.078125,0,0.0,0,0.0,60,0.9375,124,0.2152777777777778
Tanzania,TZA,64,64,1,0.015625,6,0.09375,16,0.25,10,0.15625,16,0.25,11,0.171875,0,0.0,0,0.0,64,1.0,124,0.2152777777777778
St. Vincent and the Grenadines,VCT,64,64,1,0.015625,15,0.234375,18,0.28125,10,0.15625,18,0.28125,16,0.25,0,0.0,0,0.0,44,0.6875,122,0.21180555555555555
Myanmar,MMR,64,64,1,0.015625,4,0.0625,20,0.3125,10,0.15625,16,0.25,0,0.0,3,0.046875,0,0.0,64,1.0,118,0.2048611111111111
Indonesia,IDN,64,64,1,0.015625,0,0.0,21,0.328125,10,0.15625,21,0.328125,0,0.0,7,0.109375,7,0.109375,50,0.78125,117,0.203125
Sudan,SDN,64,64,1,0.015625,1,0.015625,18,0.28125,10,0.15625,18,0.28125,6,0.09375,1,0.015625,0,0.0,62,0.96875,117,0.203125
Botswana,BWA,64,64,1,0.015625,15,0.234375,15,0.234375,10,0.15625,15,0.234375,16,0.25,0,0.0,0,0.0,42,0.65625,114,0.19791666666666666
Honduras,HND,64,64,1,0.015625,0,0.0,14,0.21875,10,0.15625,14,0.21875,0,0.0,10,0.15625,0,0.0,64,1.0,113,0.19618055555555555
South Africa,ZAF,64,64,1,0.015625,0,0.0,0,0.0,34,0.53125,34,0.53125,0,0.0,0,0.0,0,0.0,44,0.6875,113,0.19618055555555555
Brazil,BRA,64,64,1,0.015625,21,0.328125,15,0.234375,10,0.15625,15,0.234375,0,0.0,0,0.0,0,0.0,50,0.78125,112,0.19444444444444445
Cameroon,CMR,64,64,1,0.015625,9,0.140625,17,0.265625,10,0.15625,17,0.265625,0,0.0,0,0.0,0,0.0,56,0.875,110,0.1909722222222222
Ghana,GHA,64,64,1,0.015625,5,0.078125,15,0.234375,10,0.15625,15,0.234375,0,0.0,0,0.0,0,0.0,64,1.0,110,0.1909722222222222
Kenya,KEN,64,64,1,0.015625,0,0.0,15,0.234375,10,0.15625,15,0.234375,5,0.078125,0,0.0,0,0.0,64,1.0,110,0.1909722222222222
Madagascar,MDG,64,64,1,0.015625,5,0.078125,14,0.21875,10,0.15625,14,0.21875,2,0.03125,0,0.0,0,0.0,64,1.0,110,0.1909722222222222
Tunisia,TUN,64,64,2,0.03125,24,0.375,16,0.25,10,0.15625,16,0.25,0,0.0,0,0.0,1,0.015625,41,0.640625,110,0.1909722222222222
Papua New Guinea,PNG,64,64,1,0.015625,12,0.1875,16,0.25,10,0.15625,16,0.25,13,0.203125,0,0.0,0,0.0,41,0.640625,109,0.1892361111111111
Egypt,EGY,64,64,1,0.015625,0,0.0,17,0.265625,10,0.15625,17,0.265625,0,0.0,0,0.0,0,0.0,63,0.984375,108,0.1875
Ecuador,ECU,64,64,1,0.015625,0,0.0,16,0.25,10,0.15625,16,0.25,0,0.0,0,0.0,0,0.0,64,1.0,107,0.1857638888888889
Haiti,HTI,64,64,1,0.015625,0,0.0,11,0.171875,20,0.3125,11,0.171875,0,0.0,0,0.0,0,0.0,64,1.0,107,0.1857638888888889
Bolivia,BOL,64,64,1,0.015625,0,0.0,16,0.25,16,0.25,16,0.25,0,0.0,0,0.0,0,0.0,56,0.875,105,0.18229166666666666
Paraguay,PRY,64,64,1,0.015625,0,0.0,15,0.234375,10,0.15625,15,0.234375,0,0.0,0,0.0,0,0.0,64,1.0,105,0.18229166666666666
Pakistan,PAK,64,64,1,0.015625,0,0.0,16,0.25,10,0.15625,16,0.25,0,0.0,0,0.0,0,0.0,58,0.90625,101,0.1753472222222222
Ethiopia,ETH,64,64,2,0.03125,6,0.09375,17,0.265625,11,0.171875,17,0.265625,0,0.0,0,0.0,0,0.0,47,0.734375,100,0.1736111111111111
Jordan,JOR,64,64,17,0.265625,11,0.171875,12,0.1875,10,0.15625,12,0.1875,0,0.0,0,0.0,5,0.078125,31,0.484375,98,0.1701388888888889
Mexico,MEX,64,64,1,0.015625,0,0.0,19,0.296875,10,0.15625,19,0.296875,0,0.0,0,0.0,0,0.0,48,0.75,97,0.1684027777777778
Morocco,MAR,64,64,7,0.109375,0,0.0,15,0.234375,10,0.15625,15,0.234375,0,0.0,0,0.0,0,0.0,47,0.734375,94,0.16319444444444445
El Salvador,SLV,64,64,6,0.09375,0,0.0,16,0.25,10,0.15625,16,0.25,0,0.0,0,0.0,5,0.078125,38,0.59375,91,0.1579861111111111
Dominican Republic,DOM,64,64,1,0.015625,0,0.0,8,0.125,10,0.15625,10,0.15625,0,0.0,0,0.0,0,0.0,61,0.953125,90,0.15625
Nepal,NPL,64,64,1,0.015625,5,0.078125,16,0.25,10,0.15625,16,0.25,0,0.0,0,0.0,0,0.0,41,0.640625,89,0.1545138888888889
Peru,PER,64,64,1,0.015625,0,0.0,17,0.265625,10,0.15625,17,0.265625,0,0.0,0,0.0,0,0.0,43,0.671875,88,0.1527777777777778
Guatemala,GTM,64,64,1,0.015625,0,0.0,17,0.265625,10,0.15625,17,0.265625,0,0.0,0,0.0,0,0.0,40,0.625,85,0.14756944444444445
Mauritius,MUS,64,64,1,0.015625,4,0.0625,16,0.25,10,0.15625,16,0.25,0,0.0,0,0.0,0,0.0,38,0.59375,85,0.14756944444444445
Philippines,PHL,64,64,1,0.015625,0,0.0,17,0.265625,10,0.15625,17,0.265625,0,0.0,0,0.0,0,0.0,39,0.609375,84,0.14583333333333334
Jamaica,JAM,64,64,7,0.109375,0,0.0,16,0.25,10,0.15625,16,0.25,0,0.0,0,0.0,0,0.0,34,0.53125,83,0.1440972222222222
Sri Lanka,LKA,64,64,2,0.03125,0,0.0,15,0.234375,10,0.15625,15,0.234375,0,0.0,0,0.0,0,0.0,39,0.609375,81,0.140625
Turkey,TUR,64,64,1,0.015625,0,0.0,14,0.21875,10,0.15625,14,0.21875,0,0.0,0,0.0,0,0.0,39,0.609375,78,0.13541666666666666
India,IND,64,64,1,0.015625,0,0.0,15,0.234375,10,0.15625,15,0.234375,0,0.0,0,0.0,0,0.0,35,0.546875,76,0.13194444444444445
Colombia,COL,64,64,1,0.015625,0,0.0,8,0.125,10,0.15625,10,0.15625,0,0.0,0,0.0,0,0.0,44,0.6875,73,0.1267361111111111
Thailand,THA,64,64,1,0.015625,1,0.015625,15,0.234375,10,0.15625,15,0.234375,0,0.0,0,0.0,0,0.0,31,0.484375,73,0.1267361111111111
