year,number_countries_in_panel,number_countries_with_default_data,gdp_growth_nonmissing,gdp_growth_share_missing,inflation_nonmissing,inflation_share_missing,current_account_gdp_nonmissing,current_account_gdp_share_missing,external_debt_gni_nonmissing,external_debt_gni_share_missing,debt_service_exports_nonmissing,debt_service_exports_share_missing,reserves_usd_nonmissing,reserves_usd_share_missing,exchange_rate_nonmissing,exchange_rate_share_missing,gdp_current_usd_nonmissing,gdp_current_usd_share_missing,central_gov_debt_gdp_nonmissing,central_gov_debt_gdp_share_missing,total_missing_macro_values,share_all_macro_cells_missing
1960,166,81,0,1.0,41,0.7530120481927711,1,0.9939759036144579,0,1.0,0,1.0,63,0.6204819277108433,122,0.2650602409638554,85,0.4879518072289156,0,1.0,1182,0.7911646586345381
1961,166,85,82,0.5060240963855422,42,0.7469879518072289,1,0.9939759036144579,0,1.0,0,1.0,62,0.6265060240963856,122,0.2650602409638554,87,0.47590361445783136,0,1.0,1098,0.7349397590361446
1962,166,92,86,0.4819277108433735,44,0.7349397590361446,1,0.9939759036144579,0,1.0,0,1.0,65,0.608433734939759,123,0.25903614457831325,88,0.4698795180722891,0,1.0,1087,0.7275769745649264
1963,166,93,86,0.4819277108433735,44,0.7349397590361446,1,0.9939759036144579,0,1.0,0,1.0,65,0.608433734939759,124,0.2530120481927711,88,0.4698795180722891,0,1.0,1086,0.7269076305220884
1964,166,94,86,0.4819277108433735,48,0.7108433734939759,1,0.9939759036144579,0,1.0,0,1.0,69,0.5843373493975903,124,0.2530120481927711,88,0.4698795180722891,0,1.0,1078,0.7215528781793842
1965,166,97,86,0.4819277108433735,52,0.6867469879518072,1,0.9939759036144579,0,1.0,0,1.0,73,0.5602409638554218,124,0.2530120481927711,90,0.45783132530120485,0,1.0,1068,0.714859437751004
1966,166,101,87,0.47590361445783136,57,0.6566265060240963,1,0.9939759036144579,0,1.0,0,1.0,77,0.536144578313253,124,0.2530120481927711,91,0.4518072289156626,0,1.0,1057,0.7074966532797858
1967,166,102,90,0.45783132530120485,62,0.6265060240963856,2,0.9879518072289156,0,1.0,0,1.0,77,0.536144578313253,125,0.24698795180722888,94,0.4337349397590361,0,1.0,1044,0.6987951807228916
1968,166,106,91,0.4518072289156626,63,0.6204819277108433,4,0.9759036144578314,0,1.0,0,1.0,78,0.5301204819277108,126,0.24096385542168675,95,0.42771084337349397,0,1.0,1037,0.6941097724230254
1969,166,107,91,0.4518072289156626,64,0.6144578313253012,4,0.9759036144578314,0,1.0,0,1.0,78,0.5301204819277108,126,0.24096385542168675,95,0.42771084337349397,0,1.0,1036,0.6934404283801874
1970,166,109,91,0.4518072289156626,67,0.5963855421686747,6,0.963855421686747,68,0.5903614457831325,2,0.9879518072289156,79,0.5240963855421688,126,0.24096385542168675,106,0.3614457831325302,0,1.0,949,0.6352074966532798
1971,166,110,104,0.37349397590361444,70,0.5783132530120482,7,0.9578313253012049,68,0.5903614457831325,3,0.9819277108433735,79,0.5240963855421688,127,0.2349397590361446,107,0.35542168674698793,0,1.0,929,0.6218206157965194
1972,166,110,104,0.37349397590361444,72,0.5662650602409638,8,0.9518072289156626,68,0.5903614457831325,4,0.9759036144578314,80,0.5180722891566265,127,0.2349397590361446,107,0.35542168674698793,0,1.0,924,0.6184738955823293
1973,166,110,104,0.37349397590361444,73,0.5602409638554218,8,0.9518072289156626,69,0.5843373493975903,4,0.9759036144578314,83,0.5,127,0.2349397590361446,107,0.35542168674698793,0,1.0,919,0.6151271753681392
1974,166,112,104,0.37349397590361444,74,0.5542168674698795,18,0.891566265060241,69,0.5843373493975903,13,0.9216867469879518,85,0.4879518072289156,126,0.24096385542168675,107,0.35542168674698793,0,1.0,898,0.6010709504685409
1975,166,118,104,0.37349397590361444,76,0.5421686746987953,35,0.7891566265060241,68,0.5903614457831325,26,0.8433734939759037,88,0.4698795180722891,124,0.2530120481927711,110,0.3373493975903614,0,1.0,863,0.5776439089692101
1976,166,119,106,0.3614457831325302,77,0.536144578313253,53,0.6807228915662651,69,0.5843373493975903,40,0.7590361445783133,93,0.43975903614457834,124,0.2530120481927711,110,0.3373493975903614,0,1.0,822,0.5502008032128514
1977,166,121,107,0.35542168674698793,79,0.5240963855421688,76,0.5421686746987953,71,0.572289156626506,60,0.6385542168674698,96,0.42168674698795183,124,0.2530120481927711,113,0.3192771084337349,0,1.0,768,0.5140562248995983
1978,166,123,112,0.32530120481927716,79,0.5240963855421688,83,0.5,73,0.5602409638554218,67,0.5963855421686747,96,0.42168674698795183,124,0.2530120481927711,112,0.32530120481927716,0,1.0,748,0.500669344042838
1979,166,124,112,0.32530120481927716,77,0.536144578313253,85,0.4879518072289156,73,0.5602409638554218,70,0.5783132530120482,97,0.4156626506024096,124,0.2530120481927711,113,0.3192771084337349,0,1.0,743,0.49732262382864795
1980,166,126,113,0.3192771084337349,79,0.5240963855421688,94,0.4337349397590361,77,0.536144578313253,73,0.5602409638554218,99,0.4036144578313253,124,0.2530120481927711,123,0.25903614457831325,0,1.0,712,0.47657295850066933
1981,166,127,122,0.2650602409638554,86,0.4819277108433735,96,0.42168674698795183,85,0.4879518072289156,78,0.5301204819277108,100,0.3975903614457831,124,0.2530120481927711,123,0.25903614457831325,0,1.0,680,0.45515394912985274
1982,166,127,124,0.2530120481927711,86,0.4819277108433735,100,0.3975903614457831,85,0.4879518072289156,81,0.5120481927710843,101,0.39156626506024095,124,0.2530120481927711,123,0.25903614457831325,0,1.0,670,0.4484605087014726
1983,166,128,125,0.24698795180722888,86,0.4819277108433735,100,0.3975903614457831,85,0.4879518072289156,81,0.5120481927710843,101,0.39156626506024095,125,0.24698795180722888,123,0.25903614457831325,0,1.0,668,0.44712182061579653
1984,166,128,125,0.24698795180722888,89,0.463855421686747,102,0.3855421686746988,86,0.4819277108433735,84,0.49397590361445787,104,0.37349397590361444,124,0.2530120481927711,124,0.2530120481927711,0,1.0,656,0.4390896921017403
1985,166,128,127,0.2349397590361446,90,0.45783132530120485,104,0.37349397590361444,87,0.47590361445783136,86,0.4819277108433735,104,0.37349397590361444,124,0.2530120481927711,126,0.24096385542168675,0,1.0,646,0.4323962516733601
1986,166,128,128,0.22891566265060237,96,0.42168674698795183,105,0.3674698795180723,87,0.47590361445783136,86,0.4819277108433735,105,0.3674698795180723,126,0.24096385542168675,126,0.24096385542168675,0,1.0,635,0.4250334672021419
1987,166,129,130,0.2168674698795181,99,0.4036144578313253,107,0.35542168674698793,87,0.47590361445783136,86,0.4819277108433735,106,0.3614457831325302,126,0.24096385542168675,132,0.20481927710843373,0,1.0,621,0.41566265060240964
1988,166,129,133,0.1987951807228916,99,0.4036144578313253,106,0.3614457831325302,87,0.47590361445783136,85,0.4879518072289156,107,0.35542168674698793,126,0.24096385542168675,134,0.19277108433734935,0,1.0,617,0.41298527443105754
1989,166,129,134,0.19277108433734935,101,0.39156626506024095,106,0.3614457831325302,90,0.45783132530120485,86,0.4819277108433735,107,0.35542168674698793,126,0.24096385542168675,134,0.19277108433734935,0,1.0,610,0.40829986613119146
1990,166,132,135,0.18674698795180722,101,0.39156626506024095,108,0.3493975903614458,92,0.4457831325301205,86,0.4819277108433735,106,0.3614457831325302,126,0.24096385542168675,149,0.10240963855421692,34,0.7951807228915663,557,0.3728246318607764
1991,166,143,151,0.09036144578313254,105,0.3674698795180723,108,0.3493975903614458,95,0.42771084337349397,87,0.47590361445783136,110,0.3373493975903614,128,0.22891566265060237,150,0.09638554216867468,35,0.7891566265060241,525,0.3514056224899598
1992,166,149,151,0.09036144578313254,112,0.32530120481927716,110,0.3373493975903614,103,0.37951807228915657,88,0.4698795180722891,115,0.30722891566265065,135,0.18674698795180722,151,0.09036144578313254,37,0.7771084337349398,492,0.3293172690763052
1993,166,151,152,0.08433734939759041,117,0.29518072289156627,116,0.3012048192771084,109,0.34337349397590367,91,0.4518072289156626,127,0.2349397590361446,140,0.15662650602409633,151,0.09036144578313254,39,0.7650602409638554,452,0.30254350736278446
1994,166,151,152,0.08433734939759041,120,0.27710843373493976,119,0.2831325301204819,111,0.3313253012048193,94,0.4337349397590361,128,0.22891566265060237,144,0.1325301204819277,152,0.08433734939759041,41,0.7530120481927711,433,0.2898259705488621
1995,166,151,153,0.07831325301204817,124,0.2530120481927711,120,0.27710843373493976,111,0.3313253012048193,93,0.43975903614457834,134,0.19277108433734935,146,0.12048192771084343,155,0.0662650602409639,38,0.7710843373493976,420,0.28112449799196787
1996,166,151,154,0.07228915662650603,127,0.2349397590361446,121,0.27108433734939763,111,0.3313253012048193,94,0.4337349397590361,134,0.19277108433734935,148,0.10843373493975905,155,0.0662650602409639,36,0.7831325301204819,414,0.27710843373493976
1997,166,151,154,0.07228915662650603,127,0.2349397590361446,123,0.25903614457831325,112,0.32530120481927716,98,0.40963855421686746,136,0.1807228915662651,150,0.09638554216867468,156,0.06024096385542166,36,0.7831325301204819,402,0.26907630522088355
1998,166,151,155,0.0662650602409639,127,0.2349397590361446,121,0.27108433734939763,112,0.32530120481927716,95,0.42771084337349397,136,0.1807228915662651,150,0.09638554216867468,156,0.06024096385542166,40,0.7590361445783133,402,0.26907630522088355
1999,166,151,155,0.0662650602409639,129,0.22289156626506024,121,0.27108433734939763,113,0.3192771084337349,95,0.42771084337349397,137,0.17469879518072284,151,0.09036144578313254,156,0.06024096385542166,39,0.7650602409638554,398,0.26639892904953144
2000,166,151,155,0.0662650602409639,132,0.20481927710843373,120,0.27710843373493976,113,0.3192771084337349,93,0.43975903614457834,136,0.1807228915662651,152,0.08433734939759041,158,0.048192771084337394,33,0.8012048192771084,402,0.26907630522088355
2001,166,151,157,0.054216867469879526,136,0.1807228915662651,121,0.27108433734939763,113,0.3192771084337349,94,0.4337349397590361,136,0.1807228915662651,151,0.09036144578313254,158,0.048192771084337394,28,0.8313253012048193,400,0.2677376171352075
2002,166,151,157,0.054216867469879526,138,0.1686746987951807,123,0.25903614457831325,113,0.3192771084337349,96,0.42168674698795183,136,0.1807228915662651,151,0.09036144578313254,158,0.048192771084337394,29,0.8253012048192772,393,0.26305220883534136
2003,166,152,157,0.054216867469879526,140,0.15662650602409633,125,0.24698795180722888,113,0.3192771084337349,98,0.40963855421686746,136,0.1807228915662651,150,0.09638554216867468,158,0.048192771084337394,26,0.8433734939759037,391,0.2617135207496653
2004,166,152,157,0.054216867469879526,140,0.15662650602409633,127,0.2349397590361446,113,0.3192771084337349,100,0.3975903614457831,136,0.1807228915662651,150,0.09638554216867468,158,0.048192771084337394,23,0.8614457831325302,390,0.26104417670682734
2005,166,152,157,0.054216867469879526,143,0.13855421686746983,139,0.16265060240963858,113,0.3192771084337349,106,0.3614457831325302,136,0.1807228915662651,152,0.08433734939759041,158,0.048192771084337394,27,0.8373493975903614,363,0.2429718875502008
2006,166,151,157,0.054216867469879526,146,0.12048192771084343,139,0.16265060240963858,115,0.30722891566265065,106,0.3614457831325302,138,0.1686746987951807,152,0.08433734939759041,158,0.048192771084337394,31,0.8132530120481928,352,0.23560910307898258
2007,166,150,157,0.054216867469879526,147,0.11445783132530118,142,0.14457831325301207,115,0.30722891566265065,109,0.34337349397590367,139,0.16265060240963858,152,0.08433734939759041,158,0.048192771084337394,33,0.8012048192771084,342,0.2289156626506024
2008,166,153,157,0.054216867469879526,147,0.11445783132530118,145,0.12650602409638556,118,0.28915662650602414,111,0.3313253012048193,140,0.15662650602409633,152,0.08433734939759041,160,0.03614457831325302,40,0.7590361445783133,324,0.21686746987951808
2009,166,152,159,0.04216867469879515,150,0.09638554216867468,147,0.11445783132530118,118,0.28915662650602414,112,0.32530120481927716,140,0.15662650602409633,152,0.08433734939759041,161,0.030120481927710885,41,0.7530120481927711,314,0.2101740294511379
2010,166,153,160,0.03614457831325302,151,0.09036144578313254,148,0.10843373493975905,118,0.28915662650602414,114,0.3132530120481928,140,0.15662650602409633,152,0.08433734939759041,161,0.030120481927710885,44,0.7349397590361446,306,0.20481927710843373
2011,166,153,160,0.03614457831325302,154,0.07228915662650603,149,0.10240963855421692,118,0.28915662650602414,113,0.3192771084337349,139,0.16265060240963858,155,0.0662650602409639,161,0.030120481927710885,43,0.7409638554216867,302,0.20214190093708165
2012,166,153,159,0.04216867469879515,153,0.07831325301204817,150,0.09638554216867468,117,0.29518072289156627,113,0.3192771084337349,140,0.15662650602409633,155,0.0662650602409639,160,0.03614457831325302,41,0.7530120481927711,306,0.20481927710843373
2013,166,153,159,0.04216867469879515,152,0.08433734939759041,149,0.10240963855421692,117,0.29518072289156627,114,0.3132530120481928,141,0.1506024096385542,156,0.06024096385542166,160,0.03614457831325302,40,0.7590361445783133,306,0.20481927710843373
2014,166,153,160,0.03614457831325302,152,0.08433734939759041,151,0.09036144578313254,117,0.29518072289156627,114,0.3132530120481928,141,0.1506024096385542,156,0.06024096385542166,160,0.03614457831325302,41,0.7530120481927711,302,0.20214190093708165
2015,166,153,160,0.03614457831325302,151,0.09036144578313254,150,0.09638554216867468,119,0.2831325301204819,116,0.3012048192771084,141,0.1506024096385542,156,0.06024096385542166,160,0.03614457831325302,40,0.7590361445783133,301,0.20147255689424365
2016,166,153,159,0.04216867469879515,151,0.09036144578313254,149,0.10240963855421692,119,0.2831325301204819,116,0.3012048192771084,141,0.1506024096385542,156,0.06024096385542166,159,0.04216867469879515,40,0.7590361445783133,304,0.2034805890227577
2017,166,153,159,0.04216867469879515,148,0.10843373493975905,146,0.12048192771084343,119,0.2831325301204819,114,0.3132530120481928,141,0.1506024096385542,156,0.06024096385542166,159,0.04216867469879515,39,0.7650602409638554,313,0.20950468540829986
2018,166,153,159,0.04216867469879515,147,0.11445783132530118,145,0.12650602409638556,119,0.2831325301204819,114,0.3132530120481928,139,0.16265060240963858,154,0.07228915662650603,159,0.04216867469879515,41,0.7530120481927711,317,0.21218206157965194
2019,166,153,158,0.048192771084337394,147,0.11445783132530118,146,0.12048192771084343,118,0.28915662650602414,116,0.3012048192771084,138,0.1686746987951807,154,0.07228915662650603,158,0.048192771084337394,44,0.7349397590361446,315,0.21084337349397592
2020,166,153,158,0.048192771084337394,142,0.14457831325301207,145,0.12650602409638556,118,0.28915662650602414,116,0.3012048192771084,137,0.17469879518072284,156,0.06024096385542166,158,0.048192771084337394,38,0.7710843373493976,326,0.2182061579651941
2021,166,153,158,0.048192771084337394,142,0.14457831325301207,143,0.13855421686746983,118,0.28915662650602414,115,0.30722891566265065,135,0.18674698795180722,153,0.07831325301204817,157,0.054216867469879526,33,0.8012048192771084,340,0.22757697456492637
2022,166,153,158,0.048192771084337394,142,0.14457831325301207,142,0.14457831325301207,118,0.28915662650602414,114,0.3132530120481928,133,0.1987951807228916,153,0.07831325301204817,157,0.054216867469879526,31,0.8132530120481928,346,0.23159303882195448
2023,166,153,157,0.054216867469879526,140,0.15662650602409633,138,0.1686746987951807,115,0.30722891566265065,113,0.3192771084337349,132,0.20481927710843373,151,0.09036144578313254,156,0.06024096385542166,27,0.8373493975903614,365,0.24431057563587685
