month,n_attacks_strict,n_attacks_all,active_countries,onset_next_3months,hard_onset_next_3months,fatalities_all,injuries_all
2000-01-01,150,184,39,16,0,344,489
2000-02-01,92,112,31,27,0,318,289
2000-03-01,75,100,28,27,0,487,315
2000-04-01,83,104,21,37,0,106,193
2000-05-01,104,130,35,25,0,244,764
2000-06-01,125,167,31,30,0,287,202
2000-07-01,135,156,36,22,0,396,494
2000-08-01,104,124,32,37,0,240,574
2000-09-01,165,225,34,34,0,642,555
2000-10-01,135,173,32,37,0,421,646
2000-11-01,142,181,46,28,0,398,613
2000-12-01,151,167,33,32,0,511,663
2001-01-01,146,164,41,24,0,535,394
2001-02-01,121,136,37,24,0,273,302
2001-03-01,127,166,33,25,0,354,451
2001-04-01,103,117,35,18,0,469,752
2001-05-01,85,98,30,32,0,297,480
2001-06-01,75,80,27,31,0,227,565
2001-07-01,68,78,25,34,0,244,260
2001-08-01,552,568,48,11,0,990,1242
2001-09-01,110,144,33,16,0,3390,22447
2001-10-01,90,95,22,23,0,237,339
2001-11-01,115,141,25,20,0,393,459
2001-12-01,97,125,23,23,0,320,496
2002-01-01,120,148,25,25,0,305,371
2002-02-01,125,138,25,28,0,323,197
2002-03-01,76,80,24,30,0,264,924
2002-04-01,98,107,29,24,0,606,689
2002-05-01,143,189,35,20,0,1099,781
2002-06-01,94,103,26,18,0,274,513
2002-07-01,86,94,20,24,0,282,473
2002-08-01,119,139,30,16,0,367,665
2002-09-01,62,73,19,19,0,209,487
2002-10-01,90,94,22,30,0,634,741
2002-11-01,96,106,25,28,0,239,453
2002-12-01,41,59,19,35,0,195,787
2003-01-01,173,195,34,24,0,379,504
2003-02-01,104,114,29,22,0,274,384
2003-03-01,171,195,31,15,0,240,642
2003-04-01,65,83,24,17,0,282,261
2003-05-01,114,156,26,11,0,431,831
2003-06-01,57,62,17,17,0,252,317
2003-07-01,96,117,26,9,0,337,499
2003-08-01,38,38,16,20,0,314,898
2003-09-01,60,74,18,23,0,215,515
2003-10-01,58,59,18,24,0,143,600
2003-11-01,85,107,26,17,0,298,1276
2003-12-01,71,80,25,18,0,152,657
2004-01-01,64,79,19,21,0,285,687
2004-02-01,32,44,16,21,0,536,961
2004-03-01,70,82,21,17,0,1142,2837
2004-04-01,85,98,23,10,0,317,775
2004-05-01,80,91,20,11,0,280,751
2004-06-01,139,156,24,8,0,696,987
2004-07-01,88,114,17,14,0,301,588
2004-08-01,106,120,19,13,0,321,690
2004-09-01,86,105,21,12,0,659,1521
2004-10-01,99,119,19,17,0,560,929
2004-11-01,62,73,17,17,0,206,417
2004-12-01,69,83,18,18,1,413,833
2005-01-01,121,177,27,8,1,436,620
2005-02-01,56,71,19,20,1,435,921
2005-03-01,176,197,23,22,0,373,509
2005-04-01,155,209,21,27,1,341,542
2005-05-01,192,231,34,16,1,954,2539
2005-06-01,109,144,29,18,1,450,1039
2005-07-01,234,274,29,14,1,1076,2415
2005-08-01,209,260,25,13,1,431,836
2005-09-01,94,120,22,18,1,633,1173
2005-10-01,116,145,23,20,1,544,975
2005-11-01,62,74,13,29,1,447,921
2005-12-01,110,115,27,14,1,223,471
2006-01-01,256,282,34,14,1,552,563
2006-02-01,400,434,23,21,1,785,1425
2006-03-01,100,120,20,24,1,545,955
2006-04-01,311,405,35,14,0,834,1180
2006-05-01,171,215,23,17,1,754,848
2006-06-01,97,119,19,24,1,416,593
2006-07-01,228,271,29,15,1,1030,2350
2006-08-01,207,242,21,16,0,965,1887
2006-09-01,147,157,24,13,1,532,931
2006-10-01,167,186,21,15,1,935,1486
2006-11-01,137,163,19,20,1,1004,1549
2006-12-01,154,163,23,21,2,964,1703
2007-01-01,153,181,24,23,3,736,1238
2007-02-01,212,235,24,22,3,1117,2282
2007-03-01,163,228,27,20,3,1661,2691
2007-04-01,194,218,31,13,3,1270,2275
2007-05-01,150,171,21,23,6,745,1261
2007-06-01,553,588,34,12,5,1207,2028
2007-07-01,185,224,21,19,4,1331,2437
2007-08-01,184,201,32,21,4,1238,2644
2007-09-01,132,165,23,27,3,623,978
2007-10-01,310,332,21,32,4,858,1859
2007-11-01,459,534,40,20,3,1265,1612
2007-12-01,149,173,22,32,3,774,1226
2008-01-01,260,327,33,30,4,912,1319
2008-02-01,135,155,35,32,3,888,2299
2008-03-01,250,321,29,36,7,716,1525
2008-04-01,473,507,41,24,6,708,1790
2008-05-01,473,500,41,23,6,999,1712
2008-06-01,470,510,40,17,4,736,1379
2008-07-01,503,554,35,20,2,805,2213
2008-08-01,406,461,37,17,1,847,1543
2008-09-01,249,269,28,30,3,417,1264
2008-10-01,304,326,35,23,2,620,1195
2008-11-01,399,430,29,36,4,702,1602
2008-12-01,421,441,38,28,2,894,1327
2009-01-01,395,403,35,25,2,862,795
2009-02-01,333,339,39,17,0,548,1250
2009-03-01,394,412,35,17,0,566,1149
2009-04-01,400,416,29,26,3,795,1753
2009-05-01,402,419,33,22,3,762,1563
2009-06-01,416,431,31,22,3,908,1809
2009-07-01,443,467,36,21,0,1172,1643
2009-08-01,388,400,33,17,0,1025,2394
2009-09-01,327,343,27,18,0,578,1057
2009-10-01,411,420,30,19,0,843,2379
2009-11-01,330,337,30,22,0,490,1102
2009-12-01,325,336,24,27,0,728,2253
2010-01-01,265,278,28,20,0,431,809
2010-02-01,395,411,31,14,0,726,1344
2010-03-01,354,367,28,18,1,584,1404
2010-04-01,343,358,26,21,2,620,1374
2010-05-01,452,462,30,19,2,818,1888
2010-06-01,365,376,32,19,1,518,1046
2010-07-01,389,412,27,23,1,950,2115
2010-08-01,394,410,28,29,1,775,1517
2010-09-01,514,528,34,19,1,657,1597
2010-10-01,358,373,27,24,0,557,828
2010-11-01,445,467,29,19,0,578,902
2010-12-01,360,385,27,24,0,615,1129
2011-01-01,381,402,29,20,0,725,1387
2011-02-01,353,376,30,15,1,486,886
2011-03-01,429,447,29,16,1,714,1212
2011-04-01,411,436,27,21,1,590,1114
2011-05-01,422,450,29,17,1,770,1112
2011-06-01,358,400,26,20,1,755,1111
2011-07-01,368,388,30,16,1,642,1082
2011-08-01,324,341,22,27,1,691,1300
2011-09-01,317,342,26,28,1,676,1416
2011-10-01,378,401,31,29,5,601,1063
2011-11-01,552,661,30,28,4,888,1366
2011-12-01,369,431,32,26,4,708,1613
2012-01-01,588,727,40,21,1,1730,2327
2012-02-01,458,556,29,35,2,1041,1733
2012-03-01,530,655,38,30,2,1411,2169
2012-04-01,593,722,40,23,1,1201,1770
2012-05-01,701,847,44,18,0,1346,3224
2012-06-01,629,775,43,16,0,1577,2754
2012-07-01,599,740,36,23,0,1389,2072
2012-08-01,630,814,34,27,0,1431,1887
2012-09-01,529,648,36,25,1,1153,2256
2012-10-01,640,775,39,27,2,1228,1910
2012-11-01,585,687,40,29,2,1203,2169
2012-12-01,490,579,32,38,2,788,1180
2013-01-01,692,838,49,25,1,1452,2530
2013-02-01,589,695,47,22,2,1297,2070
2013-03-01,666,802,43,24,1,1382,2308
2013-04-01,841,995,43,21,0,1453,3015
2013-05-01,943,1107,44,20,2,2145,4127
2013-06-01,705,859,37,27,3,1903,2649
2013-07-01,943,1167,42,24,6,2215,3569
2013-08-01,863,1039,42,25,5,2238,3985
2013-09-01,779,957,43,25,3,2327,3585
2013-10-01,968,1159,44,24,1,1989,3105
2013-11-01,1027,1213,42,30,1,1742,3406
2013-12-01,1018,1216,40,29,1,2136,3345
2014-01-01,1145,1357,49,25,2,2279,3289
2014-02-01,1112,1391,46,26,2,2673,3259
2014-03-01,1214,1524,46,21,2,2878,3245
2014-04-01,1226,1475,47,23,2,3234,3987
2014-05-01,1337,1676,49,25,2,4477,4178
2014-06-01,1091,1404,45,28,2,6531,3570
2014-07-01,1307,1736,46,29,1,4554,3578
2014-08-01,1108,1359,55,20,2,4842,3088
2014-09-01,1050,1293,49,20,2,3202,3377
2014-10-01,1021,1335,51,16,2,3261,3363
2014-11-01,1018,1245,46,21,1,3014,3543
2014-12-01,918,1165,48,24,3,3703,2666
2015-01-01,1282,1551,47,26,4,3471,3473
2015-02-01,1103,1318,48,23,3,2994,3565
2015-03-01,955,1200,51,23,1,2929,3360
2015-04-01,1026,1288,47,28,0,3751,3216
2015-05-01,1075,1332,44,25,0,3553,3486
2015-06-01,978,1184,49,24,2,3880,4271
2015-07-01,1051,1285,56,18,2,4025,4718
2015-08-01,1052,1313,47,27,2,3311,3975
2015-09-01,936,1119,52,23,0,3335,4255
2015-10-01,1064,1271,56,20,0,3001,3299
2015-11-01,976,1175,63,17,0,2338,3507
2015-12-01,887,1102,55,23,2,2405,3079
2016-01-01,1012,1176,48,35,2,2884,3141
2016-02-01,972,1165,50,35,5,3161,3150
2016-03-01,962,1178,57,28,4,2566,4907
2016-04-01,926,1146,54,24,4,3031,3289
2016-05-01,1143,1417,50,28,1,3142,3686
2016-06-01,1019,1215,54,23,1,3405,3945
2016-07-01,937,1137,51,26,1,2994,3860
2016-08-01,963,1187,54,25,1,2698,3316
2016-09-01,873,1078,48,30,1,2341,2644
2016-10-01,970,1190,51,29,1,3709,3228
2016-11-01,948,1174,57,18,1,2513,3070
2016-12-01,801,988,54,20,0,2795,2340
2017-01-01,751,963,51,25,2,2332,2299
2017-02-01,747,940,49,29,2,2104,2146
2017-03-01,822,1005,53,28,3,2519,2061
2017-04-01,716,910,55,27,4,2203,1748
2017-05-01,865,1117,55,27,4,2966,2940
2017-06-01,895,1108,64,17,3,2534,2322
2017-07-01,776,1020,61,18,0,2243,1915
2017-08-01,787,1003,56,19,1,2166,2465
2017-09-01,688,867,47,24,2,1792,1565
2017-10-01,658,829,48,26,2,2602,2944
2017-11-01,668,827,48,27,2,2047,1732
2017-12-01,621,775,48,27,1,1389,1457
2018-01-01,699,896,48,28,2,1624,1860
2018-02-01,588,749,52,26,1,1245,1215
2018-03-01,600,762,47,32,1,1546,1377
2018-04-01,677,843,49,30,1,1917,1980
2018-05-01,790,963,62,21,2,2614,2192
2018-06-01,656,870,53,28,2,2195,1945
2018-07-01,739,920,47,33,1,2315,2606
2018-08-01,610,773,56,21,0,1956,1294
2018-09-01,608,755,54,18,0,1755,1525
2018-10-01,724,903,47,24,0,1968,1748
2018-11-01,552,743,47,24,0,2041,1613
2018-12-01,528,676,47,25,0,2115,1254
2019-01-01,542,708,48,18,0,1574,1667
2019-02-01,569,704,43,21,1,1514,1235
2019-03-01,638,786,48,20,2,1673,1625
2019-04-01,590,759,42,23,2,1971,2076
2019-05-01,746,953,47,22,1,2083,1672
2019-06-01,602,738,48,18,0,1839,1253
2019-07-01,633,786,44,23,0,2048,2312
2019-08-01,495,638,47,24,0,1756,1839
2019-09-01,541,665,39,30,0,1521,1479
2019-10-01,514,624,49,23,0,1379,1200
2019-11-01,399,520,46,24,0,1282,1064
2019-12-01,500,656,40,30,0,1772,1354
2020-01-01,538,674,45,28,1,1642,1173
2020-02-01,481,630,50,20,1,1335,1037
2020-03-01,511,707,52,21,1,2146,1098
2020-04-01,502,678,46,29,1,1790,1093
2020-05-01,554,737,49,24,1,1979,1358
2020-06-01,523,724,47,28,1,1942,1306
2020-07-01,509,729,49,26,2,2083,1694
2020-08-01,550,730,44,26,3,1815,1318
2020-09-01,609,785,41,31,3,1880,1233
2020-10-01,554,747,45,0,0,1959,1620
2020-11-01,499,650,45,0,0,2567,1424
2020-12-01,494,647,40,0,0,1709,1112
