country,country_txt,n_rows,n_unique_months,first_month,last_month,expected_months,is_balanced
4,Afghanistan,252,252,2000-01-01,2020-12-01,252,True
5,Albania,252,252,2000-01-01,2020-12-01,252,True
6,Algeria,252,252,2000-01-01,2020-12-01,252,True
7,Andorra,252,252,2000-01-01,2020-12-01,252,True
8,Angola,252,252,2000-01-01,2020-12-01,252,True
10,Antigua and Barbuda,252,252,2000-01-01,2020-12-01,252,True
11,Argentina,252,252,2000-01-01,2020-12-01,252,True
12,Armenia,252,252,2000-01-01,2020-12-01,252,True
14,Australia,252,252,2000-01-01,2020-12-01,252,True
15,Austria,252,252,2000-01-01,2020-12-01,252,True
16,Azerbaijan,252,252,2000-01-01,2020-12-01,252,True
17,Bahamas,252,252,2000-01-01,2020-12-01,252,True
18,Bahrain,252,252,2000-01-01,2020-12-01,252,True
19,Bangladesh,252,252,2000-01-01,2020-12-01,252,True
20,Barbados,252,252,2000-01-01,2020-12-01,252,True
35,Belarus,252,252,2000-01-01,2020-12-01,252,True
21,Belgium,252,252,2000-01-01,2020-12-01,252,True
22,Belize,252,252,2000-01-01,2020-12-01,252,True
23,Benin,252,252,2000-01-01,2020-12-01,252,True
25,Bhutan,252,252,2000-01-01,2020-12-01,252,True
26,Bolivia,252,252,2000-01-01,2020-12-01,252,True
28,Bosnia-Herzegovina,252,252,2000-01-01,2020-12-01,252,True
29,Botswana,252,252,2000-01-01,2020-12-01,252,True
30,Brazil,252,252,2000-01-01,2020-12-01,252,True
31,Brunei,252,252,2000-01-01,2020-12-01,252,True
32,Bulgaria,252,252,2000-01-01,2020-12-01,252,True
33,Burkina Faso,252,252,2000-01-01,2020-12-01,252,True
34,Burundi,252,252,2000-01-01,2020-12-01,252,True
36,Cambodia,252,252,2000-01-01,2020-12-01,252,True
37,Cameroon,252,252,2000-01-01,2020-12-01,252,True
38,Canada,252,252,2000-01-01,2020-12-01,252,True
41,Central African Republic,252,252,2000-01-01,2020-12-01,252,True
42,Chad,252,252,2000-01-01,2020-12-01,252,True
43,Chile,252,252,2000-01-01,2020-12-01,252,True
44,China,252,252,2000-01-01,2020-12-01,252,True
45,Colombia,252,252,2000-01-01,2020-12-01,252,True
46,Comoros,252,252,2000-01-01,2020-12-01,252,True
49,Costa Rica,252,252,2000-01-01,2020-12-01,252,True
50,Croatia,252,252,2000-01-01,2020-12-01,252,True
51,Cuba,252,252,2000-01-01,2020-12-01,252,True
53,Cyprus,252,252,2000-01-01,2020-12-01,252,True
54,Czech Republic,252,252,2000-01-01,2020-12-01,252,True
236,Czechoslovakia,252,252,2000-01-01,2020-12-01,252,True
229,Democratic Republic of the Congo,252,252,2000-01-01,2020-12-01,252,True
55,Denmark,252,252,2000-01-01,2020-12-01,252,True
56,Djibouti,252,252,2000-01-01,2020-12-01,252,True
57,Dominica,252,252,2000-01-01,2020-12-01,252,True
58,Dominican Republic,252,252,2000-01-01,2020-12-01,252,True
499,East Germany (GDR),252,252,2000-01-01,2020-12-01,252,True
347,East Timor,252,252,2000-01-01,2020-12-01,252,True
59,Ecuador,252,252,2000-01-01,2020-12-01,252,True
60,Egypt,252,252,2000-01-01,2020-12-01,252,True
61,El Salvador,252,252,2000-01-01,2020-12-01,252,True
62,Equatorial Guinea,252,252,2000-01-01,2020-12-01,252,True
63,Eritrea,252,252,2000-01-01,2020-12-01,252,True
64,Estonia,252,252,2000-01-01,2020-12-01,252,True
65,Ethiopia,252,252,2000-01-01,2020-12-01,252,True
66,Falkland Islands,252,252,2000-01-01,2020-12-01,252,True
67,Fiji,252,252,2000-01-01,2020-12-01,252,True
68,Finland,252,252,2000-01-01,2020-12-01,252,True
69,France,252,252,2000-01-01,2020-12-01,252,True
70,French Guiana,252,252,2000-01-01,2020-12-01,252,True
71,French Polynesia,252,252,2000-01-01,2020-12-01,252,True
72,Gabon,252,252,2000-01-01,2020-12-01,252,True
73,Gambia,252,252,2000-01-01,2020-12-01,252,True
74,Georgia,252,252,2000-01-01,2020-12-01,252,True
75,Germany,252,252,2000-01-01,2020-12-01,252,True
76,Ghana,252,252,2000-01-01,2020-12-01,252,True
78,Greece,252,252,2000-01-01,2020-12-01,252,True
80,Grenada,252,252,2000-01-01,2020-12-01,252,True
81,Guadeloupe,252,252,2000-01-01,2020-12-01,252,True
83,Guatemala,252,252,2000-01-01,2020-12-01,252,True
84,Guinea,252,252,2000-01-01,2020-12-01,252,True
85,Guinea-Bissau,252,252,2000-01-01,2020-12-01,252,True
86,Guyana,252,252,2000-01-01,2020-12-01,252,True
87,Haiti,252,252,2000-01-01,2020-12-01,252,True
88,Honduras,252,252,2000-01-01,2020-12-01,252,True
89,Hong Kong,252,252,2000-01-01,2020-12-01,252,True
90,Hungary,252,252,2000-01-01,2020-12-01,252,True
91,Iceland,252,252,2000-01-01,2020-12-01,252,True
92,India,252,252,2000-01-01,2020-12-01,252,True
93,Indonesia,252,252,2000-01-01,2020-12-01,252,True
422,International,252,252,2000-01-01,2020-12-01,252,True
94,Iran,252,252,2000-01-01,2020-12-01,252,True
95,Iraq,252,252,2000-01-01,2020-12-01,252,True
96,Ireland,252,252,2000-01-01,2020-12-01,252,True
97,Israel,252,252,2000-01-01,2020-12-01,252,True
98,Italy,252,252,2000-01-01,2020-12-01,252,True
99,Ivory Coast,252,252,2000-01-01,2020-12-01,252,True
100,Jamaica,252,252,2000-01-01,2020-12-01,252,True
101,Japan,252,252,2000-01-01,2020-12-01,252,True
102,Jordan,252,252,2000-01-01,2020-12-01,252,True
103,Kazakhstan,252,252,2000-01-01,2020-12-01,252,True
104,Kenya,252,252,2000-01-01,2020-12-01,252,True
1003,Kosovo,252,252,2000-01-01,2020-12-01,252,True
106,Kuwait,252,252,2000-01-01,2020-12-01,252,True
107,Kyrgyzstan,252,252,2000-01-01,2020-12-01,252,True
108,Laos,252,252,2000-01-01,2020-12-01,252,True
109,Latvia,252,252,2000-01-01,2020-12-01,252,True
110,Lebanon,252,252,2000-01-01,2020-12-01,252,True
111,Lesotho,252,252,2000-01-01,2020-12-01,252,True
112,Liberia,252,252,2000-01-01,2020-12-01,252,True
113,Libya,252,252,2000-01-01,2020-12-01,252,True
115,Lithuania,252,252,2000-01-01,2020-12-01,252,True
116,Luxembourg,252,252,2000-01-01,2020-12-01,252,True
117,Macau,252,252,2000-01-01,2020-12-01,252,True
118,Macedonia,252,252,2000-01-01,2020-12-01,252,True
119,Madagascar,252,252,2000-01-01,2020-12-01,252,True
120,Malawi,252,252,2000-01-01,2020-12-01,252,True
121,Malaysia,252,252,2000-01-01,2020-12-01,252,True
122,Maldives,252,252,2000-01-01,2020-12-01,252,True
123,Mali,252,252,2000-01-01,2020-12-01,252,True
124,Malta,252,252,2000-01-01,2020-12-01,252,True
127,Martinique,252,252,2000-01-01,2020-12-01,252,True
128,Mauritania,252,252,2000-01-01,2020-12-01,252,True
129,Mauritius,252,252,2000-01-01,2020-12-01,252,True
130,Mexico,252,252,2000-01-01,2020-12-01,252,True
132,Moldova,252,252,2000-01-01,2020-12-01,252,True
1002,Montenegro,252,252,2000-01-01,2020-12-01,252,True
136,Morocco,252,252,2000-01-01,2020-12-01,252,True
137,Mozambique,252,252,2000-01-01,2020-12-01,252,True
138,Myanmar,252,252,2000-01-01,2020-12-01,252,True
139,Namibia,252,252,2000-01-01,2020-12-01,252,True
141,Nepal,252,252,2000-01-01,2020-12-01,252,True
142,Netherlands,252,252,2000-01-01,2020-12-01,252,True
143,New Caledonia,252,252,2000-01-01,2020-12-01,252,True
532,New Hebrides,252,252,2000-01-01,2020-12-01,252,True
144,New Zealand,252,252,2000-01-01,2020-12-01,252,True
145,Nicaragua,252,252,2000-01-01,2020-12-01,252,True
146,Niger,252,252,2000-01-01,2020-12-01,252,True
147,Nigeria,252,252,2000-01-01,2020-12-01,252,True
149,North Korea,252,252,2000-01-01,2020-12-01,252,True
377,North Yemen,252,252,2000-01-01,2020-12-01,252,True
151,Norway,252,252,2000-01-01,2020-12-01,252,True
153,Pakistan,252,252,2000-01-01,2020-12-01,252,True
156,Panama,252,252,2000-01-01,2020-12-01,252,True
157,Papua New Guinea,252,252,2000-01-01,2020-12-01,252,True
158,Paraguay,252,252,2000-01-01,2020-12-01,252,True
605,People's Republic of the Congo,252,252,2000-01-01,2020-12-01,252,True
159,Peru,252,252,2000-01-01,2020-12-01,252,True
160,Philippines,252,252,2000-01-01,2020-12-01,252,True
161,Poland,252,252,2000-01-01,2020-12-01,252,True
162,Portugal,252,252,2000-01-01,2020-12-01,252,True
164,Qatar,252,252,2000-01-01,2020-12-01,252,True
47,Republic of the Congo,252,252,2000-01-01,2020-12-01,252,True
403,Rhodesia,252,252,2000-01-01,2020-12-01,252,True
166,Romania,252,252,2000-01-01,2020-12-01,252,True
167,Russia,252,252,2000-01-01,2020-12-01,252,True
168,Rwanda,252,252,2000-01-01,2020-12-01,252,True
173,Saudi Arabia,252,252,2000-01-01,2020-12-01,252,True
174,Senegal,252,252,2000-01-01,2020-12-01,252,True
1001,Serbia,252,252,2000-01-01,2020-12-01,252,True
175,Serbia-Montenegro,252,252,2000-01-01,2020-12-01,252,True
176,Seychelles,252,252,2000-01-01,2020-12-01,252,True
177,Sierra Leone,252,252,2000-01-01,2020-12-01,252,True
178,Singapore,252,252,2000-01-01,2020-12-01,252,True
179,Slovak Republic,252,252,2000-01-01,2020-12-01,252,True
180,Slovenia,252,252,2000-01-01,2020-12-01,252,True
181,Solomon Islands,252,252,2000-01-01,2020-12-01,252,True
182,Somalia,252,252,2000-01-01,2020-12-01,252,True
183,South Africa,252,252,2000-01-01,2020-12-01,252,True
184,South Korea,252,252,2000-01-01,2020-12-01,252,True
1004,South Sudan,252,252,2000-01-01,2020-12-01,252,True
406,South Yemen,252,252,2000-01-01,2020-12-01,252,True
359,Soviet Union,252,252,2000-01-01,2020-12-01,252,True
185,Spain,252,252,2000-01-01,2020-12-01,252,True
186,Sri Lanka,252,252,2000-01-01,2020-12-01,252,True
189,St. Kitts and Nevis,252,252,2000-01-01,2020-12-01,252,True
190,St. Lucia,252,252,2000-01-01,2020-12-01,252,True
195,Sudan,252,252,2000-01-01,2020-12-01,252,True
196,Suriname,252,252,2000-01-01,2020-12-01,252,True
197,Swaziland,252,252,2000-01-01,2020-12-01,252,True
198,Sweden,252,252,2000-01-01,2020-12-01,252,True
199,Switzerland,252,252,2000-01-01,2020-12-01,252,True
200,Syria,252,252,2000-01-01,2020-12-01,252,True
201,Taiwan,252,252,2000-01-01,2020-12-01,252,True
202,Tajikistan,252,252,2000-01-01,2020-12-01,252,True
203,Tanzania,252,252,2000-01-01,2020-12-01,252,True
205,Thailand,252,252,2000-01-01,2020-12-01,252,True
204,Togo,252,252,2000-01-01,2020-12-01,252,True
207,Trinidad and Tobago,252,252,2000-01-01,2020-12-01,252,True
208,Tunisia,252,252,2000-01-01,2020-12-01,252,True
209,Turkey,252,252,2000-01-01,2020-12-01,252,True
210,Turkmenistan,252,252,2000-01-01,2020-12-01,252,True
213,Uganda,252,252,2000-01-01,2020-12-01,252,True
214,Ukraine,252,252,2000-01-01,2020-12-01,252,True
215,United Arab Emirates,252,252,2000-01-01,2020-12-01,252,True
603,United Kingdom,252,252,2000-01-01,2020-12-01,252,True
217,United States,252,252,2000-01-01,2020-12-01,252,True
218,Uruguay,252,252,2000-01-01,2020-12-01,252,True
219,Uzbekistan,252,252,2000-01-01,2020-12-01,252,True
220,Vanuatu,252,252,2000-01-01,2020-12-01,252,True
221,Vatican City,252,252,2000-01-01,2020-12-01,252,True
222,Venezuela,252,252,2000-01-01,2020-12-01,252,True
223,Vietnam,252,252,2000-01-01,2020-12-01,252,True
226,Wallis and Futuna,252,252,2000-01-01,2020-12-01,252,True
155,West Bank and Gaza Strip,252,252,2000-01-01,2020-12-01,252,True
362,West Germany (FRG),252,252,2000-01-01,2020-12-01,252,True
349,Western Sahara,252,252,2000-01-01,2020-12-01,252,True
228,Yemen,252,252,2000-01-01,2020-12-01,252,True
235,Yugoslavia,252,252,2000-01-01,2020-12-01,252,True
604,Zaire,252,252,2000-01-01,2020-12-01,252,True
230,Zambia,252,252,2000-01-01,2020-12-01,252,True
231,Zimbabwe,252,252,2000-01-01,2020-12-01,252,True
